{
    "normals":[0.301492,0.904508,0.301492,0.707083,0,0.707083,-0.707083,0,0.707083,-0.301492,0.904508,0.301492,0.480422,0.733726,-0.480422,-0.480422,0.733726,-0.480422,-0.606464,0.514145,-0.606464,-0.577349,-0.577349,-0.577349,-0.577349,-0.577349,0.577349,-0.606464,0.514145,0.606464,0.577349,-0.577349,0.577349,0.606464,0.514145,0.606464,0.577349,-0.577349,-0.577349,0.606464,0.514145,-0.606464,0.707083,0,-0.707083,0.301492,0.904508,-0.301492,-0.301492,0.904508,-0.301492,-0.707083,0,-0.707083,0.480422,0.733726,0.480422,-0.480422,0.733726,0.480422,-0.227332,0.946898,0.227332,-0.227332,0.946898,-0.227332,-0.501785,0.70452,0.501785,-0.501785,0.70452,-0.501785,0.227332,0.946898,0.227332,0.501785,0.70452,0.501785,0.227332,0.946898,-0.227332,0.501785,0.70452,-0.501785,0,1,-4.37114e-08,0,1,-4.37114e-08,0,1,-4.37114e-08],
    "uvs":[[0.0410039,0.0172834,0.02241,9.88015e-05,0.999901,0.000119305,0.982328,0.0191363,0.878077,0.120583,0.141012,0.119265,0.178668,0.157665,0.198298,0.178264,0.182097,0.797509,0.161105,0.817494,0.801702,0.7983,0.821333,0.818899,0.817903,0.179055,0.838896,0.15907,0.958996,0.959281,0.97759,0.976465,9.88015e-05,0.976445,0.0176716,0.957428,0.858988,0.857298,0.121924,0.855981,0.148087,0.832014,0.164458,0.1449,0.136444,0.843612,0.153105,0.133488,0.835542,0.831664,0.846896,0.843076,0.851913,0.14455,0.863556,0.132952,0,0]],
    "metadata":{
        "type":"Geometry",
        "normals":31,
        "version":3,
        "uvs":1,
        "generator":"io_three",
        "materials":3,
        "vertices":172,
        "faces":89
    },
    "vertices":[-24,1.04907e-06,24,24,1.04907e-06,24,-24,-1.04907e-06,-24,24,-1.04907e-06,-24,-24,-0.999999,24,24,-0.999999,24,-24,-1,-24,24,-1,-24,-31.2,-3,-31.2,-31.2,-3,31.2,31.2,-3,31.2,31.2,-3,-31.2,-29.7,-1.29823e-06,-29.7,-31.2,-1.5,-31.2,-29.9339,-0.72646,-29.9339,-30.4735,-1.26612,-30.4735,-31.2,-1.5,31.2,-29.7,1.29823e-06,29.7,-30.4735,-1.26612,30.4735,-29.9339,-0.726457,29.9339,31.2,-1.5,31.2,29.7,1.29823e-06,29.7,30.4735,-1.26612,30.4735,29.9339,-0.726457,29.9339,31.2,-1.5,-31.2,29.7,-1.29823e-06,-29.7,30.4735,-1.26612,-30.4735,29.9339,-0.72646,-29.9339,-24,1.04907e-06,24,-18,1.04907e-06,24,-12,1.04907e-06,24,-24,7.86805e-07,18,-18,7.86805e-07,18,-12,7.86805e-07,18,-24,5.24537e-07,12,-18,5.24537e-07,12,-12,5.24537e-07,12,-12,1.04907e-06,24,-6,1.04907e-06,24,0,1.04907e-06,24,-12,7.86805e-07,18,-6,7.86805e-07,18,0,7.86805e-07,18,-12,5.24537e-07,12,-6,5.24537e-07,12,0,5.24537e-07,12,0,1.04907e-06,24,6,1.04907e-06,24,12,1.04907e-06,24,0,7.86805e-07,18,6,7.86805e-07,18,12,7.86805e-07,18,0,5.24537e-07,12,6,5.24537e-07,12,12,5.24537e-07,12,12,1.04907e-06,24,18,1.04907e-06,24,24,1.04907e-06,24,12,7.86805e-07,18,18,7.86805e-07,18,24,7.86805e-07,18,12,5.24537e-07,12,18,5.24537e-07,12,24,5.24537e-07,12,-24,5.24537e-07,12,-18,5.24537e-07,12,-12,5.24537e-07,12,-24,2.62268e-07,6,-18,2.62268e-07,6,-12,2.62268e-07,6,-24,0,0,-18,0,0,-12,0,0,-12,5.24537e-07,12,-6,5.24537e-07,12,0,5.24537e-07,12,-12,2.62268e-07,6,-6,2.62268e-07,6,0,2.62268e-07,6,-12,0,0,-6,0,0,0,0,0,0,5.24537e-07,12,6,5.24537e-07,12,12,5.24537e-07,12,0,2.62268e-07,6,6,2.62268e-07,6,12,2.62268e-07,6,0,0,0,6,0,0,12,0,0,12,5.24537e-07,12,18,5.24537e-07,12,24,5.24537e-07,12,12,2.62268e-07,6,18,2.62268e-07,6,24,2.62268e-07,6,12,0,0,18,0,0,24,0,0,-24,0,0,-18,0,0,-12,0,0,-24,-2.62268e-07,-6,-18,-2.62268e-07,-6,-12,-2.62268e-07,-6,-24,-5.24537e-07,-12,-18,-5.24537e-07,-12,-12,-5.24537e-07,-12,-12,0,0,-6,0,0,0,0,0,-12,-2.62268e-07,-6,-6,-2.62268e-07,-6,0,-2.62268e-07,-6,-12,-5.24537e-07,-12,-6,-5.24537e-07,-12,0,-5.24537e-07,-12,0,0,0,6,0,0,12,0,0,0,-2.62268e-07,-6,6,-2.62268e-07,-6,12,-2.62268e-07,-6,0,-5.24537e-07,-12,6,-5.24537e-07,-12,12,-5.24537e-07,-12,12,0,0,18,0,0,24,0,0,12,-2.62268e-07,-6,18,-2.62268e-07,-6,24,-2.62268e-07,-6,12,-5.24537e-07,-12,18,-5.24537e-07,-12,24,-5.24537e-07,-12,-24,-5.24537e-07,-12,-18,-5.24537e-07,-12,-12,-5.24537e-07,-12,-24,-7.86805e-07,-18,-18,-7.86805e-07,-18,-12,-7.86805e-07,-18,-24,-1.04907e-06,-24,-18,-1.04907e-06,-24,-12,-1.04907e-06,-24,-12,-5.24537e-07,-12,-6,-5.24537e-07,-12,0,-5.24537e-07,-12,-12,-7.86805e-07,-18,-6,-7.86805e-07,-18,0,-7.86805e-07,-18,-12,-1.04907e-06,-24,-6,-1.04907e-06,-24,0,-1.04907e-06,-24,0,-5.24537e-07,-12,6,-5.24537e-07,-12,12,-5.24537e-07,-12,0,-7.86805e-07,-18,6,-7.86805e-07,-18,12,-7.86805e-07,-18,0,-1.04907e-06,-24,6,-1.04907e-06,-24,12,-1.04907e-06,-24,12,-5.24537e-07,-12,18,-5.24537e-07,-12,24,-5.24537e-07,-12,12,-7.86805e-07,-18,18,-7.86805e-07,-18,24,-7.86805e-07,-18,12,-1.04907e-06,-24,18,-1.04907e-06,-24,24,-1.04907e-06,-24],
    "materials":[{
        "depthTest":true,
        "mapDiffuse":"../img/wood.png",
        "shading":"phong",
        "colorEmissive":[0,0,0],
        "visible":true,
        "mapDiffuseAnisotropy":1,
        "blending":"NormalBlending",
        "mapDiffuseWrap":["repeat","repeat"],
        "specularCoef":50,
        "mapDiffuseRepeat":[1,1],
        "transparent":false,
        "DbgIndex":2,
        "wireframe":false,
        "DbgColor":60928,
        "colorDiffuse":[0.64,0.64,0.64],
        "opacity":1,
        "colorSpecular":[0.1,0.1,0.1],
        "depthWrite":true,
        "DbgName":"Chess Board Surround"
    }, {
        "depthTest":true,
        "shading":"phong",
        "colorEmissive":[0,0,0],
        "visible":true,
        "blending":"NormalBlending",
        "specularCoef":50,
        "transparent":false,
        "DbgIndex":0,
        "wireframe":false,
        "DbgColor":15658734,
        "colorDiffuse":[0,0,0],
        "opacity":1,
        "colorSpecular":[0.5,0.5,0.5],
        "depthWrite":true,
        "DbgName":"Black.001"
    }, {
        "depthTest":true,
        "shading":"phong",
        "colorEmissive":[0,0,0],
        "visible":true,
        "blending":"NormalBlending",
        "specularCoef":50,
        "transparent":false,
        "DbgIndex":1,
        "wireframe":false,
        "DbgColor":15597568,
        "colorDiffuse":[0.8,0.8,0.8],
        "opacity":1,
        "colorSpecular":[0.5,0.5,0.5],
        "depthWrite":true,
        "DbgName":"White.003"
    }],